{"cameraMode":{"drawMode":0,"name":"Shaded","section":"Shading Mode"},"sceneLighting":true,"audioPlay":false,"sceneViewState":{"showFog":false,"showMaterialUpdate":false,"showSkybox":false,"showFlares":false,"showImageEffects":false,"showParticleSystems":false,"showVisualEffectGraphs":true,"m_FxEnabled":true},"in2DMode":false,"pivot":{"x":519.5709228515625,"y":160.32611083984376,"z":-11.035392761230469},"rotation":{"x":0.049705665558576587,"y":0.017977949231863023,"z":-0.0008963372092694044,"w":0.9985823631286621},"size":80.278564453125,"orthographic":false}