{"cameraMode":{"drawMode":0,"name":"Shaded","section":"Shading Mode"},"sceneLighting":true,"audioPlay":false,"sceneViewState":{"m_AlwaysRefresh":false,"showFog":false,"showSkybox":false,"showFlares":false,"showImageEffects":false,"showParticleSystems":false,"showVisualEffectGraphs":true,"m_FxEnabled":true},"in2DMode":false,"pivot":{"x":534.1752319335938,"y":336.5431823730469,"z":-260.38934326171877},"rotation":{"x":0.03772426396608353,"y":0.010494126938283444,"z":-0.00040511213592253625,"w":0.9992239475250244},"size":12.92464542388916,"orthographic":false}